Name,Phone,Address,Category
California Grill Restaurant,(323) 660-0427,800 N Virgil Ave,Family Style RestaurantsRestaurants
Restaurant Assn of Southern California,(213) 687-4055,312 E 1st St Ste 340,AssociationsSocial Service OrganizationsBusiness & Trade Organizations
Restaurants - Catering and Banquet Hall Montebello California,(323) 727-2952,2212 W Beverly Blvd,Legal Service PlansAttorneys
California Restaurant Supply,(323) 249-1709,2736 Firestone Blvd,Restaurant Duct DegreasingRestaurant Equipment & SuppliesRestaurant Equipment & Supplies-Refrigeration Equipment
California Beach Restaurants,(310) 573-0212,17300 Pacific Coast Hwy,Restaurants
Alta California Restaurant,(818) 348-6822,23233 Saticoy St,Restaurants
California 90 Restaurant,(714) 772-0413,1515 S Disneyland Dr,Asian RestaurantsRestaurants
California Pizza Kitchen Restaurant Support Center,(310) 342-5000,575 Anton Blvd Ste 100,PizzaRestaurants
Consolidated Restaurants Of California,(714) 532-4200,172 N Tustin St,Restaurant Management & ConsultantsFamily Style RestaurantsRestaurants
California Kabob Kitchen,(213) 747-9500,141 W 11th St,Take Out RestaurantsMediterranean RestaurantsMiddle Eastern Restaurants
California Pizza Kitchen,(310) 826-3573,11677 San Vicente Blvd,PizzaTake Out RestaurantsAmerican Restaurants
Camilo's California Bistro,(323) 478-2644,2128 Colorado Blvd,"CafeteriasBreakfast, Brunch & Lunch RestaurantsCaterers"
California Canteen,(818) 765-3311,3311 Cahuenga Blvd W,"French RestaurantsBreakfast, Brunch & Lunch RestaurantsCaterers"
California Endowment,(800) 449-4149,1000 N Alameda St,Restaurants
California Wok,(310) 207-2852,12004 Wilshire Blvd,Chinese RestaurantsCaterersTake Out Restaurants
California Pizza Kitchen,(310) 854-6555,121 N La Cienega Blvd,PizzaTake Out RestaurantsAmerican Restaurants
California Chicken Cafe,(323) 935-5877,6805 Melrose Ave,Chicken RestaurantsCaterersAmerican Restaurants
California Pita,(310) 478-6200,12001 Wilshire Blvd,Sandwich ShopsMediterranean RestaurantsTake Out Restaurants
California Pizza Kitchen at 7th Street,(213) 228-8500,735 South Figueroa Street 7th Street,PizzaBarsAmerican Restaurants
California Pizza Kitchen at Westfield Century City,(424) 363-1235,10250 Santa Monica Boulevard Westfield Century City,PizzaBarsAmerican Restaurants
California Pizza Kitchen,(424) 363-1235,10250 Santa Monica Blvd Ste 2800,PizzaTake Out RestaurantsRestaurants
Yamazaki California,(213) 624-2773,123 Japanese Village Plaza Mall,BakeriesRestaurants
California Forward,(213) 488-9054,448 S Hill St Ste 1018,Restaurants
California Dining Metro Cafe,(213) 922-6330,1 Gateway Plz,Asian RestaurantsRestaurants
California Chicken Cafe,(213) 340-8850,809 S Hill St,Restaurants
Stoked California BBQ,(626) 223-7506,746 Market Ct,Barbecue RestaurantsRestaurants
Baja California Tacos,(213) 674-7576,2030 W 8th St,Mexican RestaurantsRestaurants
California Donuts,(213) 387-7632,801 S Alvarado St,Donut ShopsBakeriesRestaurants
California Dining,(323) 222-3616,1240 N Mission Rd,Restaurants
California Hot Chicken,(213) 536-5194,3335 S Figueroa St,Take Out RestaurantsRestaurants
California Ramen Factory,(213) 908-6838,4010 W 3rd St,Asian RestaurantsRestaurants
Tortilleria La California Inc,(323) 221-8940,2241 Cypress Ave,TortillasMexican RestaurantsFood Products-Wholesale
California Gimbap & Udon,(213) 388-8010,833 S Western Ave,Restaurants
Southern California Henugraega,(213) 383-0178,357 S Western Ave,Restaurants
California Fish Grill,(213) 319-8412,4531 Hollywood Blvd,Seafood RestaurantsRestaurants
Jinya California Company,(323) 591-0007,5174 Wilshire Blvd,Restaurants
Alta California,(323) 591-1095,5303 W Pico Blvd,Mexican RestaurantsRestaurants
La Brea Dining California Inc,(323) 653-8877,8050 W 3rd St,Japanese RestaurantsAsian RestaurantsRestaurants
California Wok,(310) 360-9218,8520 W 3rd St,Chinese RestaurantsAsian RestaurantsRestaurants
Baja California Tacos,(424) 603-4080,10831 Venice Blvd,Mexican RestaurantsSeafood RestaurantsRestaurants
Crews of California,(310) 649-6202,100 California 1,Restaurants
California Mexican Grill,(310) 473-0501,11106 W Olympic Blvd,Mexican RestaurantsRestaurants
Costero California Bar,(310) 642-4820,6101 W Century Blvd,MotelsRestaurants
Crews of California,(310) 215-4212,1 World Way,DelicatessensRestaurants
California Pizza Kitchen,(310) 209-9197,1001 Broxton Ave,PizzaAmerican RestaurantsRestaurants
California Donut,(213) 385-3318,3540 W 3rd St,Ice Cream & Frozen DessertsBakeriesDessert Restaurants
California Sushi and Teriyaki,(213) 747-1187,2518 S Figueroa St,Sushi BarsAsian RestaurantsJapanese Restaurants
California Bowl,(323) 669-3070,706 N Vermont Ave,American RestaurantsJapanese RestaurantsCaterers
California Roll & Sushi Fishi,(323) 666-1400,2081 Hillhurst Ave,Sushi BarsRestaurants
La Brea Dining California Inc.,(323) 954-6477,5168 Wilshire Blvd,Restaurants
California Steak & Fries,(323) 294-2200,3745 S La Brea Ave,American RestaurantsBarbecue RestaurantsRestaurants
California Steak And Fries,(323) 563-2800,11810 Wilmington Ave,Restaurants
California Chicken Cafe,(310) 446-1933,2005 Westwood Blvd,"Chicken RestaurantsBreakfast, Brunch & Lunch RestaurantsRestaurants"
California Fresh,(310) 234-0333,2000 Westwood Blvd,PizzaRestaurants
California Roll & Sushi,(323) 666-1266,2919 Los Feliz Blvd,Sushi BarsJapanese RestaurantsRestaurants
California Pizza Kitchen,(213) 626-2616,330 S Hope St,PizzaRestaurantsTake Out Restaurants
California Pita,(213) 346-9400,201 N Los Angeles St,Mediterranean RestaurantsGreek RestaurantsTake Out Restaurants
California Wings Cafe,(323) 465-2000,1649 N Cahuenga Blvd,Chicken RestaurantsCaterersAmerican Restaurants
California Roll Factory,(310) 996-2366,11629 Santa Monica Blvd,Sushi BarsJapanese RestaurantsAsian Restaurants
Super Churros California,(424) 414-9992,600 N Harbor Blvd San Pedro Ca  Harbor Blvd And Swinford,Ice Cream & Frozen DessertsTake Out RestaurantsFood Products
California Crisp Westside Pavillion - CLOSED,N/A,10800 W Pico Blvd,Restaurants
California Sub - CLOSED,N/A,1849 Sawtelle Blvd Ste 100b,DelicatessensRestaurants
California Teriyaki Grill - CLOSED,(213) 744-1910,3742 S Figueroa St,Bar & GrillsAsian RestaurantsRestaurants
Giggles N Hugs-Childrens Restaurant and Playspace,(310) 478-4847,10250 Santa Monica Blvd Ste 155,Amusement Places & ArcadesChildren's Party Planning & EntertainmentRestaurants
Marouch Restaurant,(323) 662-9325,4905 Santa Monica Blvd,Middle Eastern RestaurantsMediterranean RestaurantsCaterers
India's Restaurant,(323) 912-9230,4366 Fountain Ave,Indian RestaurantsCaterersFamily Style Restaurants
Thailand Plaza Restaurant,(323) 993-9000,5321 Hollywood Blvd,Asian RestaurantsThai RestaurantsRestaurants
Desert Rose Restaurant,(323) 666-1166,1700 Hillhurst Ave,Health Food RestaurantsFamily Style RestaurantsRestaurants
Jitlada Restaurant,(323) 667-9809,5233 1/2 W Sunset Blvd,Asian RestaurantsThai RestaurantsRestaurants
Boran Thai Restaurant,(323) 469-8883,5401 Hollywood Blvd # 3405,Thai RestaurantsAsian RestaurantsFamily Style Restaurants
Las Cazuelas Restaurant,(323) 255-4719,5707 N Figueroa St,Family Style RestaurantsMexican RestaurantsRestaurants
Acapulco Mexican Restaurant,(323) 665-5751,4444 W Sunset Blvd,Mexican RestaurantsRestaurants
Natalee Thai Restaurant,(310) 202-7003,10101 Venice Blvd,Thai RestaurantsFamily Style Restaurants
Langer's Delicatessen & Restaurant,(213) 483-8050,704 S Alvarado St,DelicatessensCaterersFast Food Restaurants
Mauro's Restaurant,(323) 653-7970,8112 Melrose Ave,"Breakfast, Brunch & Lunch RestaurantsItalian RestaurantsCaterers"
Dinah's Family Restaurant,(310) 645-0456,6521 S Sepulveda Blvd,Family Style RestaurantsCaterersAmerican Restaurants
Home Restaurant,(323) 669-0211,1760 Hillhurst Ave,Restaurant Equipment & SuppliesRestaurant Equipment-Repair & ServiceRestaurants
Full House Seafood Restaurant,(213) 617-8382,963 N Hill St,Seafood RestaurantsChinese RestaurantsAsian Restaurants
Ruen Pair Restaurant,(323) 466-0153,5257 Hollywood Blvd,Asian RestaurantsFamily Style RestaurantsThai Restaurants
Canter's Fairfax Restaurant,(323) 651-2030,419 N Fairfax Ave,Sandwich ShopsBakeriesRestaurants
Parus Indian Vegetarian Restaurant,(323) 661-7600,5140 W Sunset Blvd,Family Style RestaurantsRestaurants
KT Restaurant,(323) 667-9800,5151 Hollywood Blvd,Family Style RestaurantsThai RestaurantsRestaurants
Pann's Restaurant,(310) 670-1441,6710 La Tijera Blvd,"Coffee & Espresso RestaurantsAmerican RestaurantsBreakfast, Brunch & Lunch Restaurants"
El Coyote Mexican Restaurant & Cafe,(323) 939-2255,7312 Beverly Blvd,Take Out RestaurantsMexican RestaurantsSpanish Restaurants
El Taurino Restaurant,(213) 738-0961,1104 N Hoover St,Restaurants
Tangier Restaurant,(323) 663-2000,2138 Hillhurst Ave,Barbecue RestaurantsRestaurantsKorean Restaurants
Natalee Thai Restaurant,(310) 855-9380,998 S Robertson Blvd,Thai RestaurantsJapanese RestaurantsChinese Restaurants
Beverly Soon Tofu Restaurant,(213) 380-1113,2717 W Olympic Blvd,Family Style RestaurantsRestaurants
El Buen Gusto Restaurants 4,(323) 906-9796,2829 Fletcher Dr,"Latin American RestaurantsBreakfast, Brunch & Lunch RestaurantsCaterers"
Amalfi Restaurant and Bar,(323) 938-2504,143 N la Brea Ave,PizzaItalian RestaurantsBar & Grills
